{"products":[{"id":"10","name":"darling-in-the-franxx-1-7-scale-figure-zero-two","title":"Darling in the FRANXX 1/7 Scale Figure Zero Two","description":"[Pre-Order 01/12/24]","fullDescription":"Vendor: Proof","price":"13732.92","oldPrice":"15258.95","quantity":1,"currency":"PHP","sku":"","outOfStock":false,"isFeatured":false,"categories":["1"],"images":[{"url":"/images/01_2a9a1be0-5578-4cdd-9e20-983ad81eb20f_1024x1024.webp"},{"url":"/images/03_a6a4cee9-f8ca-4e86-a733-6bf89a9c297e_large.webp"},{"url":"/images/02_d014b2e8-0e6a-4de2-8044-f06d22311793_large.webp"},{"url":"/images/05_6f9a4bbd-7219-48c5-b824-63276dd86b02_large.webp"}],"created":1731957960331,"updated":1731957960331,"isDefault":false},{"id":"9","name":"azur-lane-august-von-parseval-the-conquered-unhulde-ver--figurine","title":"Azur Lane August von Parseval The Conquered Unhulde Ver. Figurine","description":"[Pre-Order 03/01/25]","fullDescription":"Vendor: Alter","price":"20402.37","oldPrice":"22669.05","quantity":1,"currency":"PHP","sku":"","outOfStock":false,"isFeatured":false,"categories":["1"],"images":[{"url":"/images/05_9ba2e0cd-9a72-43d9-bf65-8de50bef902a_large.webp"},{"url":"/images/06_13f9cdb3-74ae-4f5e-a352-004194af099f_large.webp"},{"url":"/images/01_21a486a1-fedd-496e-9064-9bc6ada9230b_1024x1024.jpg"}],"created":1731957877684,"updated":1731957877684,"isDefault":false},{"id":"8","name":"makeine--too-many-losing-heroines--pop-up-parade-anna-yanami-l-size","title":"Makeine: Too Many Losing Heroines! Pop Up Parade Anna Yanami L Size","description":"[Pre-Order 01/12/24]","fullDescription":"Vendor: Good Smile Company","price":"3773.48","oldPrice":"4192.56","quantity":1,"currency":"PHP","sku":"","outOfStock":false,"isFeatured":false,"categories":["1"],"images":[{"url":"/images/01_b584f096-dce5-47a0-b771-f7af55f314b7_1024x1024.webp"},{"url":"/images/02_2f9f4550-dfa3-4ff1-b5dd-7e8cc421710e_large.webp"},{"url":"/images/03_c863661a-5d22-4e35-9af3-f8001ba3e462_large.webp"},{"url":"/images/04_21cade33-79b5-4de8-a6ea-0eae34cf29c1_large.webp"},{"url":"/images/05_669f1bb5-fa6e-4e7d-8893-16201497b212_large.webp"}],"created":1731957728571,"updated":1731957728571,"isDefault":false},{"id":"7","name":"puella-magi-madoka-magica-the-movie--rebellion-madoka-kaname--japanese-doll-1-4-scale-figure","title":"Puella Magi Madoka Magica The Movie -Rebellion-Madoka Kaname -Japanese Doll-1/4 Scale Figure","description":"[Pre-Order 01/12/24]","fullDescription":"Vendor: FuRyu","price":"93569.68","oldPrice":"103966.51","quantity":1,"currency":"PHP","sku":"","outOfStock":false,"isFeatured":true,"categories":["1"],"images":[{"url":"/images/02_664f164a-8bec-4dbb-b7a0-c4f5e5bf2f34_large.webp"},{"url":"/images/01_37eed1bf-7e65-4bcf-bb8a-255ba34b6057_1024x1024.webp"},{"url":"/images/04_75c97dcd-c94a-47ef-927a-9ab6e771020e_large.webp"},{"url":"/images/03_68c994a9-7ffd-45a7-a41b-d233864aa5d5_large.webp"},{"url":"/images/05_0eea6fef-c1b6-4610-85f5-8cca5c259aef_large.webp"}],"created":1731955268407,"updated":1731955838901,"isDefault":false},{"id":"2","name":"dandadan-tenitol-momo-figurine","title":"Dandadan Tenitol Momo Figurine ","description":"[Pre-Order 15/12/24]","fullDescription":"Illustration by Yhfdsf","price":"3400","oldPrice":"4000","quantity":1,"currency":"PHP","sku":"","outOfStock":false,"isFeatured":false,"categories":["1"],"images":[{"url":"/images/02_a5786db0-029e-4fee-bd53-a597e3242c3d_large.webp"},{"url":"/images/01_447fe232-79a3-4b1f-ab76-682bb6f3655d_1024x1024.webp"},{"url":"/images/04_22e20519-9ef4-41c7-be47-7f9c053d5ebf_1024x1024.webp"},{"url":"/images/05_4b155a73-504c-4a99-a78d-6008bc8f21db_1024x1024.webp"},{"url":"/images/03_7a26f067-0064-454a-a15c-08b8ccb0c042_1024x1024.webp"}],"created":1731774119932,"updated":1731954726795,"isDefault":true},{"id":"3","name":"kono-subarashii-sekai-ni-shukufuku-o--pop-up-parade-komekko-l-size","title":"Kono Subarashii Sekai ni Shukufuku o! Pop Up Parade Komekko L Size","description":"[Pre-Order 01/12/24]","fullDescription":"Vendor: Good Smile Company","price":"3768.74","oldPrice":"4187.29","quantity":1,"currency":"USD","sku":"","outOfStock":false,"isFeatured":true,"categories":["1"],"images":[{"url":"/images/04_362ce0d9-8eff-4fae-ad81-6f391003fbbb_large.webp"},{"url":"/images/02_cb01a7d2-2aec-4a64-8232-412a6a58f466_large.webp"},{"url":"/images/03_58ce42f2-ce7b-4d91-a0c1-ac53e5b9f5c2_large.webp"},{"url":"/images/05_87d35301-3b4d-4070-988a-4ac3439ac582_large.webp"},{"url":"/images/01_7a1dbed7-5549-48a2-a979-f393bc0394ab_1024x1024.webp"}],"created":1731774119932,"updated":1731954867286,"isDefault":true},{"id":"6","name":"ichika","title":"Ichika","description":" [OCTOBER 2025]","fullDescription":"Vendor: FuRyu","price":"6650","oldPrice":"7000","quantity":1,"currency":"PHP","sku":"","outOfStock":false,"isFeatured":true,"categories":["1"],"images":[{"url":"/images/102_048926af-9b58-4665-b095-86d143a0555f.webp"},{"url":"/images/103_dcb0e0e5-6558-4f17-a205-efa6a11d1252.webp"},{"url":"/images/105_0d7fecf2-0ecb-4d47-913a-6c1a05756d70.webp"},{"url":"/images/106_df81a943-d9eb-41db-a849-bb74cfc2df50.webp"}],"created":1731774119932,"updated":1731954739947,"isDefault":true},{"id":"5","name":"toshishita-kanojo","title":"Toshishita Kanojo","description":" [OCTOBER 2025]","fullDescription":" Illustration by ran9u","price":"11080","oldPrice":"12999","quantity":1,"currency":"PHP","sku":"","outOfStock":false,"isFeatured":true,"categories":["1"],"images":[{"url":"/images/106_76956692-de97-420d-b7c6-4906ab8d2d03.webp"},{"url":"/images/103_6a055c10-416f-4196-82ef-57dba953d28b.webp"},{"url":"/images/102_1b881dd1-08df-4d19-9995-e63c9d972be4.webp"},{"url":"/images/101_45c0a6c2-891d-487d-8fee-34bbb4d7743b.webp"},{"url":"/images/104_c20cbee3-8cdc-4293-87fb-846ca6fa8c86.webp"}],"created":1731774119932,"updated":1731954877720,"isDefault":true},{"id":"4","name":"otherwhere-racing-girl-kurumizawa-1-4-figure","title":"Otherwhere Racing Girl Kurumizawa 1/4 Figure","description":" [OCTOBER 2025]","fullDescription":"Illustration by Ryok","price":"20000","oldPrice":"22000","quantity":1,"currency":"PHP","sku":"","outOfStock":false,"isFeatured":true,"categories":["1"],"images":[{"url":"/images/02_4bed69da-c2fe-406f-b0de-2d17ff6e99c3_1024x1024.webp"},{"url":"/images/03_0a64d25c-5cf4-497a-83f4-e6a52115f929_1024x1024.webp"},{"url":"/images/04_4a117913-d531-4eb7-b775-b8c4483c961b_1024x1024.webp"},{"url":"/images/01_cb558f5b-b27a-479f-b972-d575d4d9ff40_1024x1024.webp"},{"url":"/images/05_a8ba782d-09a0-428e-925d-3c39bcf130c6_1024x1024.webp"},{"url":"/images/06_2efb8f1e-b346-4775-8a0a-82c0f7598d7b_1024x1024.webp"}],"created":1731774119932,"updated":1731954873270,"isDefault":true},{"id":"1","name":"puella-magi-madoka-magica-the-movie--rebellion-homura-akemi--japanese-doll-1-4-scale-figure","title":"Puella Magi Madoka Magica The Movie -Rebellion-Homura Akemi -Japanese Doll-1/4 Scale Figure","description":"[Pre-Order 01/12/24]","fullDescription":"Vendor: FuRyu","price":"93512.67","oldPrice":"103903.16","quantity":1,"currency":"PHP","sku":"","outOfStock":false,"isFeatured":true,"categories":["1"],"images":[{"url":"/images/01_730fcb58-e388-48cf-be5b-54d6996a22f9_1024x1024.webp"},{"url":"/images/02_539525d0-e07d-4b8c-bf1c-7c2636e175ea_large.webp"},{"url":"/images/04_0d5e2084-9b55-4e79-a777-8454a1271e4c_large.webp"},{"url":"/images/03_6c957acf-06ec-4c46-898c-471923a3dd71_large.webp"},{"url":"/images/06_4bafd623-ed48-430c-9f92-b432655637d7_large.webp"},{"url":"/images/05_130fcb7d-7618-4210-b909-ac7993fe0f47_large.webp"},{"url":"/images/07_e5867d5f-b1d4-4eb6-9adb-412c58e2cc99_large.webp"}],"created":1731774119931,"updated":1731954765029,"isDefault":true}],"categories":[{"id":"1","title":"Figurine","categoryId":null,"created":1731869226073,"updated":1731869226073}]}